id,type,x,y,z,users,total_bw,shared_bw,active
405,FEMTO,42,45,1,0,6800.0,6800.0,false
406,FEMTO,42,45,1,0,6800.0,6800.0,true
407,FEMTO,42,45,1,0,6800.0,6800.0,false
408,FEMTO,42,45,1,0,6800.0,6800.0,false
409,FEMTO,42,45,1,0,6800.0,6800.0,true
410,FEMTO,42,45,1,0,6800.0,6800.0,false
411,FEMTO,42,45,1,0,6800.0,6800.0,true
412,FEMTO,42,45,1,0,6800.0,6800.0,true
413,FEMTO,42,45,1,0,6800.0,6800.0,true
414,FEMTO,42,45,1,0,6800.0,6800.0,true
415,FEMTO,42,45,1,0,6800.0,6800.0,true
416,FEMTO,42,45,1,0,6800.0,6800.0,false
417,FEMTO,97,1,1,0,6800.0,6800.0,true
418,FEMTO,97,1,1,0,6800.0,6800.0,false
419,FEMTO,97,1,1,0,6800.0,6800.0,false
420,FEMTO,97,1,1,0,6800.0,6800.0,false
421,FEMTO,97,1,1,0,6800.0,6800.0,false
422,FEMTO,97,1,1,0,6800.0,6800.0,true
423,FEMTO,97,1,1,0,6800.0,6800.0,false
424,FEMTO,97,1,1,0,6800.0,6800.0,false
425,FEMTO,97,1,1,0,6800.0,6800.0,false
426,FEMTO,97,1,1,0,6800.0,6800.0,true
427,FEMTO,97,1,1,0,6800.0,6800.0,true
428,FEMTO,97,1,1,0,6800.0,6800.0,true
429,FEMTO,64,65,1,0,6800.0,6800.0,true
430,FEMTO,64,65,1,0,6800.0,6800.0,false
431,FEMTO,64,65,1,0,6800.0,6800.0,false
432,FEMTO,64,65,1,1,6800.0,6800.0,true
433,FEMTO,64,65,1,0,6800.0,6800.0,false
434,FEMTO,64,65,1,0,6800.0,6800.0,false
435,FEMTO,64,65,1,1,6800.0,6800.0,true
436,FEMTO,64,65,1,0,6800.0,6800.0,false
437,FEMTO,64,65,1,1,6800.0,6800.0,true
438,FEMTO,64,65,1,0,6800.0,6800.0,false
439,FEMTO,64,65,1,0,6800.0,6800.0,true
440,FEMTO,64,65,1,0,6800.0,6800.0,false
441,FEMTO,65,42,1,0,6800.0,6800.0,false
442,FEMTO,65,42,1,1,6800.0,6800.0,true
443,FEMTO,65,42,1,0,6800.0,6800.0,false
444,FEMTO,65,42,1,3,6800.0,2266.6666666666665,true
445,FEMTO,65,42,1,0,6800.0,6800.0,true
446,FEMTO,65,42,1,0,6800.0,6800.0,true
447,FEMTO,65,42,1,0,6800.0,6800.0,false
448,FEMTO,65,42,1,0,6800.0,6800.0,false
449,FEMTO,65,42,1,0,6800.0,6800.0,true
450,FEMTO,65,42,1,0,6800.0,6800.0,false
451,FEMTO,65,42,1,0,6800.0,6800.0,false
452,FEMTO,65,42,1,1,6800.0,6800.0,true
453,FEMTO,94,44,1,0,6800.0,6800.0,true
454,FEMTO,94,44,1,0,6800.0,6800.0,false
455,FEMTO,94,44,1,1,6800.0,6800.0,true
456,FEMTO,94,44,1,0,6800.0,6800.0,true
457,FEMTO,94,44,1,0,6800.0,6800.0,false
458,FEMTO,94,44,1,0,6800.0,6800.0,true
459,FEMTO,94,44,1,0,6800.0,6800.0,false
460,FEMTO,94,44,1,0,6800.0,6800.0,true
461,FEMTO,94,44,1,0,6800.0,6800.0,false
462,FEMTO,94,44,1,0,6800.0,6800.0,false
463,FEMTO,94,44,1,0,6800.0,6800.0,false
464,FEMTO,94,44,1,0,6800.0,6800.0,true
465,FEMTO,67,1,1,0,6800.0,6800.0,false
466,FEMTO,67,1,1,0,6800.0,6800.0,true
467,FEMTO,67,1,1,0,6800.0,6800.0,false
468,FEMTO,67,1,1,0,6800.0,6800.0,false
469,FEMTO,67,1,1,0,6800.0,6800.0,true
470,FEMTO,67,1,1,0,6800.0,6800.0,false
471,FEMTO,67,1,1,0,6800.0,6800.0,false
472,FEMTO,67,1,1,1,6800.0,6800.0,true
473,FEMTO,67,1,1,1,6800.0,6800.0,true
474,FEMTO,67,1,1,0,6800.0,6800.0,true
475,FEMTO,67,1,1,0,6800.0,6800.0,true
476,FEMTO,67,1,1,0,6800.0,6800.0,false
477,FEMTO,13,78,1,0,6800.0,6800.0,false
478,FEMTO,13,78,1,0,6800.0,6800.0,true
479,FEMTO,13,78,1,0,6800.0,6800.0,true
480,FEMTO,13,78,1,0,6800.0,6800.0,true
481,FEMTO,13,78,1,0,6800.0,6800.0,false
482,FEMTO,13,78,1,0,6800.0,6800.0,true
483,FEMTO,13,78,1,0,6800.0,6800.0,false
484,FEMTO,13,78,1,0,6800.0,6800.0,false
485,FEMTO,13,78,1,0,6800.0,6800.0,true
486,FEMTO,13,78,1,0,6800.0,6800.0,true
487,FEMTO,13,78,1,0,6800.0,6800.0,false
488,FEMTO,13,78,1,0,6800.0,6800.0,true
489,FEMTO,15,9,1,0,6800.0,6800.0,false
490,FEMTO,15,9,1,0,6800.0,6800.0,false
491,FEMTO,15,9,1,0,6800.0,6800.0,true
492,FEMTO,15,9,1,0,6800.0,6800.0,true
493,FEMTO,15,9,1,0,6800.0,6800.0,false
494,FEMTO,15,9,1,0,6800.0,6800.0,true
495,FEMTO,15,9,1,0,6800.0,6800.0,false
496,FEMTO,15,9,1,0,6800.0,6800.0,true
497,FEMTO,15,9,1,0,6800.0,6800.0,false
498,FEMTO,15,9,1,0,6800.0,6800.0,false
499,FEMTO,15,9,1,0,6800.0,6800.0,false
500,FEMTO,15,9,1,0,6800.0,6800.0,false
501,FEMTO,51,29,1,0,6800.0,6800.0,false
502,FEMTO,51,29,1,0,6800.0,6800.0,false
503,FEMTO,51,29,1,0,6800.0,6800.0,false
504,FEMTO,51,29,1,1,6800.0,6800.0,true
505,FEMTO,51,29,1,0,6800.0,6800.0,true
506,FEMTO,51,29,1,0,6800.0,6800.0,false
507,FEMTO,51,29,1,0,6800.0,6800.0,false
508,FEMTO,51,29,1,0,6800.0,6800.0,false
509,FEMTO,51,29,1,0,6800.0,6800.0,true
510,FEMTO,51,29,1,0,6800.0,6800.0,true
511,FEMTO,51,29,1,0,6800.0,6800.0,false
512,FEMTO,51,29,1,1,6800.0,6800.0,true
513,FEMTO,40,32,1,0,6800.0,6800.0,false
514,FEMTO,40,32,1,0,6800.0,6800.0,false
515,FEMTO,40,32,1,0,6800.0,6800.0,false
516,FEMTO,40,32,1,0,6800.0,6800.0,false
517,FEMTO,40,32,1,0,6800.0,6800.0,false
518,FEMTO,40,32,1,0,6800.0,6800.0,true
519,FEMTO,40,32,1,0,6800.0,6800.0,false
520,FEMTO,40,32,1,0,6800.0,6800.0,false
521,FEMTO,40,32,1,0,6800.0,6800.0,true
522,FEMTO,40,32,1,0,6800.0,6800.0,true
523,FEMTO,40,32,1,0,6800.0,6800.0,true
524,FEMTO,40,32,1,0,6800.0,6800.0,true
525,FEMTO,86,48,1,0,6800.0,6800.0,true
526,FEMTO,86,48,1,2,6800.0,3400.0,true
527,FEMTO,86,48,1,0,6800.0,6800.0,false
528,FEMTO,86,48,1,0,6800.0,6800.0,false
529,FEMTO,86,48,1,0,6800.0,6800.0,false
530,FEMTO,86,48,1,1,6800.0,6800.0,true
531,FEMTO,86,48,1,0,6800.0,6800.0,true
532,FEMTO,86,48,1,0,6800.0,6800.0,false
533,FEMTO,86,48,1,0,6800.0,6800.0,true
534,FEMTO,86,48,1,0,6800.0,6800.0,true
535,FEMTO,86,48,1,0,6800.0,6800.0,false
536,FEMTO,86,48,1,0,6800.0,6800.0,true
537,FEMTO,87,5,1,1,6800.0,6800.0,true
538,FEMTO,87,5,1,1,6800.0,6800.0,true
539,FEMTO,87,5,1,0,6800.0,6800.0,false
540,FEMTO,87,5,1,0,6800.0,6800.0,false
541,FEMTO,87,5,1,0,6800.0,6800.0,false
542,FEMTO,87,5,1,0,6800.0,6800.0,true
543,FEMTO,87,5,1,0,6800.0,6800.0,true
544,FEMTO,87,5,1,0,6800.0,6800.0,true
545,FEMTO,87,5,1,0,6800.0,6800.0,false
546,FEMTO,87,5,1,0,6800.0,6800.0,false
547,FEMTO,87,5,1,0,6800.0,6800.0,true
548,FEMTO,87,5,1,0,6800.0,6800.0,false
549,FEMTO,71,41,1,0,6800.0,6800.0,true
550,FEMTO,71,41,1,1,6800.0,6800.0,true
551,FEMTO,71,41,1,0,6800.0,6800.0,false
552,FEMTO,71,41,1,0,6800.0,6800.0,false
553,FEMTO,71,41,1,0,6800.0,6800.0,true
554,FEMTO,71,41,1,1,6800.0,6800.0,true
555,FEMTO,71,41,1,0,6800.0,6800.0,false
556,FEMTO,71,41,1,0,6800.0,6800.0,true
557,FEMTO,71,41,1,0,6800.0,6800.0,false
558,FEMTO,71,41,1,0,6800.0,6800.0,false
559,FEMTO,71,41,1,0,6800.0,6800.0,false
560,FEMTO,71,41,1,0,6800.0,6800.0,false
561,FEMTO,80,22,1,0,6800.0,6800.0,true
562,FEMTO,80,22,1,0,6800.0,6800.0,false
563,FEMTO,80,22,1,0,6800.0,6800.0,false
564,FEMTO,80,22,1,0,6800.0,6800.0,false
565,FEMTO,80,22,1,0,6800.0,6800.0,true
566,FEMTO,80,22,1,0,6800.0,6800.0,true
567,FEMTO,80,22,1,0,6800.0,6800.0,true
568,FEMTO,80,22,1,0,6800.0,6800.0,false
569,FEMTO,80,22,1,2,6800.0,3400.0,true
570,FEMTO,80,22,1,0,6800.0,6800.0,true
571,FEMTO,80,22,1,0,6800.0,6800.0,true
572,FEMTO,80,22,1,0,6800.0,6800.0,true
573,FEMTO,59,72,1,0,6800.0,6800.0,true
574,FEMTO,59,72,1,0,6800.0,6800.0,true
575,FEMTO,59,72,1,0,6800.0,6800.0,false
576,FEMTO,59,72,1,0,6800.0,6800.0,false
577,FEMTO,59,72,1,2,6800.0,3400.0,true
578,FEMTO,59,72,1,0,6800.0,6800.0,true
579,FEMTO,59,72,1,0,6800.0,6800.0,true
580,FEMTO,59,72,1,0,6800.0,6800.0,false
581,FEMTO,59,72,1,1,6800.0,6800.0,true
582,FEMTO,59,72,1,0,6800.0,6800.0,false
583,FEMTO,59,72,1,1,6800.0,6800.0,true
584,FEMTO,59,72,1,0,6800.0,6800.0,false
585,FEMTO,63,97,1,0,6800.0,6800.0,false
586,FEMTO,63,97,1,0,6800.0,6800.0,false
587,FEMTO,63,97,1,0,6800.0,6800.0,false
588,FEMTO,63,97,1,1,6800.0,6800.0,true
589,FEMTO,63,97,1,0,6800.0,6800.0,true
590,FEMTO,63,97,1,0,6800.0,6800.0,true
591,FEMTO,63,97,1,1,6800.0,6800.0,true
592,FEMTO,63,97,1,0,6800.0,6800.0,false
593,FEMTO,63,97,1,0,6800.0,6800.0,false
594,FEMTO,63,97,1,0,6800.0,6800.0,false
595,FEMTO,63,97,1,0,6800.0,6800.0,false
596,FEMTO,63,97,1,0,6800.0,6800.0,false
597,FEMTO,31,79,1,0,6800.0,6800.0,false
598,FEMTO,31,79,1,0,6800.0,6800.0,true
599,FEMTO,31,79,1,0,6800.0,6800.0,false
600,FEMTO,31,79,1,0,6800.0,6800.0,false
601,FEMTO,31,79,1,0,6800.0,6800.0,true
602,FEMTO,31,79,1,2,6800.0,3400.0,true
603,FEMTO,31,79,1,0,6800.0,6800.0,false
604,FEMTO,31,79,1,0,6800.0,6800.0,false
605,FEMTO,31,79,1,1,6800.0,6800.0,true
606,FEMTO,31,79,1,0,6800.0,6800.0,true
607,FEMTO,31,79,1,0,6800.0,6800.0,true
608,FEMTO,31,79,1,0,6800.0,6800.0,false
609,FEMTO,78,0,1,0,6800.0,6800.0,true
610,FEMTO,78,0,1,0,6800.0,6800.0,true
611,FEMTO,78,0,1,0,6800.0,6800.0,true
612,FEMTO,78,0,1,0,6800.0,6800.0,true
613,FEMTO,78,0,1,0,6800.0,6800.0,true
614,FEMTO,78,0,1,1,6800.0,6800.0,true
615,FEMTO,78,0,1,0,6800.0,6800.0,false
616,FEMTO,78,0,1,0,6800.0,6800.0,false
617,FEMTO,78,0,1,0,6800.0,6800.0,false
618,FEMTO,78,0,1,0,6800.0,6800.0,true
619,FEMTO,78,0,1,0,6800.0,6800.0,true
620,FEMTO,78,0,1,0,6800.0,6800.0,true
621,FEMTO,95,93,1,0,6800.0,6800.0,true
622,FEMTO,95,93,1,0,6800.0,6800.0,true
623,FEMTO,95,93,1,0,6800.0,6800.0,true
624,FEMTO,95,93,1,1,6800.0,6800.0,true
625,FEMTO,95,93,1,0,6800.0,6800.0,true
626,FEMTO,95,93,1,1,6800.0,6800.0,true
627,FEMTO,95,93,1,0,6800.0,6800.0,false
628,FEMTO,95,93,1,0,6800.0,6800.0,false
629,FEMTO,95,93,1,0,6800.0,6800.0,false
630,FEMTO,95,93,1,0,6800.0,6800.0,false
631,FEMTO,95,93,1,0,6800.0,6800.0,false
632,FEMTO,95,93,1,0,6800.0,6800.0,false
633,FEMTO,85,71,1,0,6800.0,6800.0,true
634,FEMTO,85,71,1,0,6800.0,6800.0,true
635,FEMTO,85,71,1,0,6800.0,6800.0,false
636,FEMTO,85,71,1,0,6800.0,6800.0,false
637,FEMTO,85,71,1,0,6800.0,6800.0,true
638,FEMTO,85,71,1,0,6800.0,6800.0,false
639,FEMTO,85,71,1,2,6800.0,3400.0,true
640,FEMTO,85,71,1,0,6800.0,6800.0,true
641,FEMTO,85,71,1,0,6800.0,6800.0,false
642,FEMTO,85,71,1,0,6800.0,6800.0,true
643,FEMTO,85,71,1,0,6800.0,6800.0,true
644,FEMTO,85,71,1,0,6800.0,6800.0,false
645,FEMTO,71,85,1,2,6800.0,3400.0,true
646,FEMTO,71,85,1,0,6800.0,6800.0,false
647,FEMTO,71,85,1,3,6800.0,2266.6666666666665,true
648,FEMTO,71,85,1,1,6800.0,6800.0,true
649,FEMTO,71,85,1,0,6800.0,6800.0,true
650,FEMTO,71,85,1,1,6800.0,6800.0,true
651,FEMTO,71,85,1,0,6800.0,6800.0,false
652,FEMTO,71,85,1,0,6800.0,6800.0,false
653,FEMTO,71,85,1,0,6800.0,6800.0,false
654,FEMTO,71,85,1,2,6800.0,3400.0,true
655,FEMTO,71,85,1,0,6800.0,6800.0,true
656,FEMTO,71,85,1,0,6800.0,6800.0,false
657,FEMTO,37,72,1,0,6800.0,6800.0,false
658,FEMTO,37,72,1,0,6800.0,6800.0,true
659,FEMTO,37,72,1,0,6800.0,6800.0,true
660,FEMTO,37,72,1,0,6800.0,6800.0,false
661,FEMTO,37,72,1,3,6800.0,2266.6666666666665,true
662,FEMTO,37,72,1,0,6800.0,6800.0,false
663,FEMTO,37,72,1,0,6800.0,6800.0,true
664,FEMTO,37,72,1,0,6800.0,6800.0,false
665,FEMTO,37,72,1,0,6800.0,6800.0,false
666,FEMTO,37,72,1,0,6800.0,6800.0,true
667,FEMTO,37,72,1,0,6800.0,6800.0,false
668,FEMTO,37,72,1,0,6800.0,6800.0,true
669,FEMTO,3,23,1,0,6800.0,6800.0,false
670,FEMTO,3,23,1,0,6800.0,6800.0,true
671,FEMTO,3,23,1,1,6800.0,6800.0,true
672,FEMTO,3,23,1,1,6800.0,6800.0,true
673,FEMTO,3,23,1,0,6800.0,6800.0,false
674,FEMTO,3,23,1,0,6800.0,6800.0,false
675,FEMTO,3,23,1,0,6800.0,6800.0,false
676,FEMTO,3,23,1,0,6800.0,6800.0,false
677,FEMTO,3,23,1,2,6800.0,3400.0,true
678,FEMTO,3,23,1,2,6800.0,3400.0,true
679,FEMTO,3,23,1,0,6800.0,6800.0,false
680,FEMTO,3,23,1,0,6800.0,6800.0,false
681,FEMTO,19,83,1,0,6800.0,6800.0,false
682,FEMTO,19,83,1,0,6800.0,6800.0,false
683,FEMTO,19,83,1,1,6800.0,6800.0,true
684,FEMTO,19,83,1,0,6800.0,6800.0,true
685,FEMTO,19,83,1,0,6800.0,6800.0,false
686,FEMTO,19,83,1,0,6800.0,6800.0,false
687,FEMTO,19,83,1,0,6800.0,6800.0,false
688,FEMTO,19,83,1,1,6800.0,6800.0,true
689,FEMTO,19,83,1,0,6800.0,6800.0,true
690,FEMTO,19,83,1,0,6800.0,6800.0,true
691,FEMTO,19,83,1,1,6800.0,6800.0,true
692,FEMTO,19,83,1,0,6800.0,6800.0,false
693,FEMTO,3,74,1,0,6800.0,6800.0,true
694,FEMTO,3,74,1,0,6800.0,6800.0,false
695,FEMTO,3,74,1,0,6800.0,6800.0,true
696,FEMTO,3,74,1,0,6800.0,6800.0,true
697,FEMTO,3,74,1,0,6800.0,6800.0,false
698,FEMTO,3,74,1,0,6800.0,6800.0,false
699,FEMTO,3,74,1,0,6800.0,6800.0,true
700,FEMTO,3,74,1,0,6800.0,6800.0,true
701,FEMTO,3,74,1,0,6800.0,6800.0,true
702,FEMTO,3,74,1,1,6800.0,6800.0,true
703,FEMTO,3,74,1,0,6800.0,6800.0,false
704,FEMTO,3,74,1,0,6800.0,6800.0,false
705,FEMTO,33,61,1,0,6800.0,6800.0,false
706,FEMTO,33,61,1,0,6800.0,6800.0,false
707,FEMTO,33,61,1,0,6800.0,6800.0,true
708,FEMTO,33,61,1,0,6800.0,6800.0,false
709,FEMTO,33,61,1,0,6800.0,6800.0,true
710,FEMTO,33,61,1,0,6800.0,6800.0,false
711,FEMTO,33,61,1,0,6800.0,6800.0,true
712,FEMTO,33,61,1,0,6800.0,6800.0,false
713,FEMTO,33,61,1,0,6800.0,6800.0,true
714,FEMTO,33,61,1,0,6800.0,6800.0,false
715,FEMTO,33,61,1,0,6800.0,6800.0,true
716,FEMTO,33,61,1,0,6800.0,6800.0,false
717,FEMTO,8,34,1,3,6800.0,2266.6666666666665,true
718,FEMTO,8,34,1,1,6800.0,6800.0,true
719,FEMTO,8,34,1,0,6800.0,6800.0,false
720,FEMTO,8,34,1,0,6800.0,6800.0,false
721,FEMTO,8,34,1,0,6800.0,6800.0,false
722,FEMTO,8,34,1,0,6800.0,6800.0,true
723,FEMTO,8,34,1,0,6800.0,6800.0,true
724,FEMTO,8,34,1,0,6800.0,6800.0,false
725,FEMTO,8,34,1,0,6800.0,6800.0,false
726,FEMTO,8,34,1,0,6800.0,6800.0,false
727,FEMTO,8,34,1,5,6800.0,1360.0,true
728,FEMTO,8,34,1,0,6800.0,6800.0,false
729,FEMTO,57,20,1,0,6800.0,6800.0,false
730,FEMTO,57,20,1,0,6800.0,6800.0,false
731,FEMTO,57,20,1,1,6800.0,6800.0,true
732,FEMTO,57,20,1,0,6800.0,6800.0,true
733,FEMTO,57,20,1,1,6800.0,6800.0,true
734,FEMTO,57,20,1,0,6800.0,6800.0,false
735,FEMTO,57,20,1,0,6800.0,6800.0,true
736,FEMTO,57,20,1,0,6800.0,6800.0,true
737,FEMTO,57,20,1,0,6800.0,6800.0,false
738,FEMTO,57,20,1,0,6800.0,6800.0,true
739,FEMTO,57,20,1,0,6800.0,6800.0,false
740,FEMTO,57,20,1,0,6800.0,6800.0,true
741,FEMTO,72,42,1,0,6800.0,6800.0,false
742,FEMTO,72,42,1,0,6800.0,6800.0,false
743,FEMTO,72,42,1,0,6800.0,6800.0,true
744,FEMTO,72,42,1,0,6800.0,6800.0,true
745,FEMTO,72,42,1,0,6800.0,6800.0,true
746,FEMTO,72,42,1,0,6800.0,6800.0,false
747,FEMTO,72,42,1,0,6800.0,6800.0,true
748,FEMTO,72,42,1,0,6800.0,6800.0,true
749,FEMTO,72,42,1,0,6800.0,6800.0,false
750,FEMTO,72,42,1,0,6800.0,6800.0,true
751,FEMTO,72,42,1,0,6800.0,6800.0,false
752,FEMTO,72,42,1,0,6800.0,6800.0,false
753,FEMTO,49,4,1,1,6800.0,6800.0,true
754,FEMTO,49,4,1,0,6800.0,6800.0,false
755,FEMTO,49,4,1,0,6800.0,6800.0,false
756,FEMTO,49,4,1,0,6800.0,6800.0,false
757,FEMTO,49,4,1,0,6800.0,6800.0,false
758,FEMTO,49,4,1,0,6800.0,6800.0,false
759,FEMTO,49,4,1,0,6800.0,6800.0,true
760,FEMTO,49,4,1,0,6800.0,6800.0,false
761,FEMTO,49,4,1,0,6800.0,6800.0,false
762,FEMTO,49,4,1,0,6800.0,6800.0,true
763,FEMTO,49,4,1,0,6800.0,6800.0,false
764,FEMTO,49,4,1,0,6800.0,6800.0,false
765,FEMTO,51,11,1,0,6800.0,6800.0,true
766,FEMTO,51,11,1,0,6800.0,6800.0,true
767,FEMTO,51,11,1,0,6800.0,6800.0,true
768,FEMTO,51,11,1,0,6800.0,6800.0,true
769,FEMTO,51,11,1,0,6800.0,6800.0,false
770,FEMTO,51,11,1,1,6800.0,6800.0,true
771,FEMTO,51,11,1,0,6800.0,6800.0,true
772,FEMTO,51,11,1,0,6800.0,6800.0,false
773,FEMTO,51,11,1,0,6800.0,6800.0,true
774,FEMTO,51,11,1,0,6800.0,6800.0,false
775,FEMTO,51,11,1,0,6800.0,6800.0,false
776,FEMTO,51,11,1,0,6800.0,6800.0,false
777,FEMTO,4,99,1,1,6800.0,6800.0,true
778,FEMTO,4,99,1,0,6800.0,6800.0,true
779,FEMTO,4,99,1,0,6800.0,6800.0,false
780,FEMTO,4,99,1,0,6800.0,6800.0,true
781,FEMTO,4,99,1,0,6800.0,6800.0,true
782,FEMTO,4,99,1,0,6800.0,6800.0,false
783,FEMTO,4,99,1,0,6800.0,6800.0,true
784,FEMTO,4,99,1,0,6800.0,6800.0,true
785,FEMTO,4,99,1,0,6800.0,6800.0,true
786,FEMTO,4,99,1,2,6800.0,3400.0,true
787,FEMTO,4,99,1,0,6800.0,6800.0,false
788,FEMTO,4,99,1,1,6800.0,6800.0,true
789,FEMTO,6,48,1,0,6800.0,6800.0,false
790,FEMTO,6,48,1,0,6800.0,6800.0,false
791,FEMTO,6,48,1,0,6800.0,6800.0,true
792,FEMTO,6,48,1,0,6800.0,6800.0,true
793,FEMTO,6,48,1,0,6800.0,6800.0,true
794,FEMTO,6,48,1,0,6800.0,6800.0,false
795,FEMTO,6,48,1,1,6800.0,6800.0,true
796,FEMTO,6,48,1,0,6800.0,6800.0,false
797,FEMTO,6,48,1,0,6800.0,6800.0,false
798,FEMTO,6,48,1,0,6800.0,6800.0,true
799,FEMTO,6,48,1,0,6800.0,6800.0,false
800,FEMTO,6,48,1,0,6800.0,6800.0,false
801,FEMTO,66,34,1,0,6800.0,6800.0,true
802,FEMTO,66,34,1,1,6800.0,6800.0,true
803,FEMTO,66,34,1,0,6800.0,6800.0,false
804,FEMTO,66,34,1,0,6800.0,6800.0,false
805,FEMTO,66,34,1,0,6800.0,6800.0,false
806,FEMTO,66,34,1,0,6800.0,6800.0,false
807,FEMTO,66,34,1,0,6800.0,6800.0,false
808,FEMTO,66,34,1,0,6800.0,6800.0,false
809,FEMTO,66,34,1,0,6800.0,6800.0,false
810,FEMTO,66,34,1,0,6800.0,6800.0,true
811,FEMTO,66,34,1,0,6800.0,6800.0,false
812,FEMTO,66,34,1,0,6800.0,6800.0,true
813,FEMTO,86,73,1,0,6800.0,6800.0,false
814,FEMTO,86,73,1,0,6800.0,6800.0,false
815,FEMTO,86,73,1,0,6800.0,6800.0,true
816,FEMTO,86,73,1,0,6800.0,6800.0,false
817,FEMTO,86,73,1,0,6800.0,6800.0,false
818,FEMTO,86,73,1,0,6800.0,6800.0,false
819,FEMTO,86,73,1,1,6800.0,6800.0,true
820,FEMTO,86,73,1,2,6800.0,3400.0,true
821,FEMTO,86,73,1,0,6800.0,6800.0,false
822,FEMTO,86,73,1,0,6800.0,6800.0,false
823,FEMTO,86,73,1,0,6800.0,6800.0,false
824,FEMTO,86,73,1,0,6800.0,6800.0,true
825,FEMTO,9,75,1,0,6800.0,6800.0,true
826,FEMTO,9,75,1,0,6800.0,6800.0,false
827,FEMTO,9,75,1,0,6800.0,6800.0,false
828,FEMTO,9,75,1,0,6800.0,6800.0,true
829,FEMTO,9,75,1,0,6800.0,6800.0,false
830,FEMTO,9,75,1,0,6800.0,6800.0,false
831,FEMTO,9,75,1,0,6800.0,6800.0,false
832,FEMTO,9,75,1,0,6800.0,6800.0,true
833,FEMTO,9,75,1,0,6800.0,6800.0,false
834,FEMTO,9,75,1,0,6800.0,6800.0,false
835,FEMTO,9,75,1,0,6800.0,6800.0,true
836,FEMTO,9,75,1,0,6800.0,6800.0,true
837,FEMTO,3,83,1,0,6800.0,6800.0,true
838,FEMTO,3,83,1,0,6800.0,6800.0,false
839,FEMTO,3,83,1,0,6800.0,6800.0,false
840,FEMTO,3,83,1,0,6800.0,6800.0,false
841,FEMTO,3,83,1,0,6800.0,6800.0,false
842,FEMTO,3,83,1,0,6800.0,6800.0,false
843,FEMTO,3,83,1,0,6800.0,6800.0,true
844,FEMTO,3,83,1,0,6800.0,6800.0,false
845,FEMTO,3,83,1,0,6800.0,6800.0,true
846,FEMTO,3,83,1,0,6800.0,6800.0,true
847,FEMTO,3,83,1,0,6800.0,6800.0,true
848,FEMTO,3,83,1,0,6800.0,6800.0,false
849,FEMTO,11,85,1,0,6800.0,6800.0,false
850,FEMTO,11,85,1,0,6800.0,6800.0,true
851,FEMTO,11,85,1,0,6800.0,6800.0,true
852,FEMTO,11,85,1,0,6800.0,6800.0,true
853,FEMTO,11,85,1,0,6800.0,6800.0,false
854,FEMTO,11,85,1,0,6800.0,6800.0,false
855,FEMTO,11,85,1,0,6800.0,6800.0,false
856,FEMTO,11,85,1,0,6800.0,6800.0,true
857,FEMTO,11,85,1,0,6800.0,6800.0,false
858,FEMTO,11,85,1,0,6800.0,6800.0,false
859,FEMTO,11,85,1,0,6800.0,6800.0,true
860,FEMTO,11,85,1,0,6800.0,6800.0,false
861,FEMTO,58,57,1,0,6800.0,6800.0,false
862,FEMTO,58,57,1,0,6800.0,6800.0,false
863,FEMTO,58,57,1,0,6800.0,6800.0,false
864,FEMTO,58,57,1,0,6800.0,6800.0,true
865,FEMTO,58,57,1,0,6800.0,6800.0,true
866,FEMTO,58,57,1,0,6800.0,6800.0,false
867,FEMTO,58,57,1,0,6800.0,6800.0,true
868,FEMTO,58,57,1,0,6800.0,6800.0,false
869,FEMTO,58,57,1,0,6800.0,6800.0,true
870,FEMTO,58,57,1,2,6800.0,3400.0,true
871,FEMTO,58,57,1,0,6800.0,6800.0,false
872,FEMTO,58,57,1,0,6800.0,6800.0,true
873,FEMTO,5,50,1,0,6800.0,6800.0,true
874,FEMTO,5,50,1,0,6800.0,6800.0,false
875,FEMTO,5,50,1,0,6800.0,6800.0,false
876,FEMTO,5,50,1,0,6800.0,6800.0,false
877,FEMTO,5,50,1,0,6800.0,6800.0,false
878,FEMTO,5,50,1,0,6800.0,6800.0,true
879,FEMTO,5,50,1,0,6800.0,6800.0,true
880,FEMTO,5,50,1,0,6800.0,6800.0,true
881,FEMTO,5,50,1,0,6800.0,6800.0,true
882,FEMTO,5,50,1,0,6800.0,6800.0,false
883,FEMTO,5,50,1,0,6800.0,6800.0,true
884,FEMTO,5,50,1,1,6800.0,6800.0,true
885,FEMTO,31,14,1,0,6800.0,6800.0,false
886,FEMTO,31,14,1,0,6800.0,6800.0,true
887,FEMTO,31,14,1,0,6800.0,6800.0,false
888,FEMTO,31,14,1,3,6800.0,2266.6666666666665,true
889,FEMTO,31,14,1,1,6800.0,6800.0,true
890,FEMTO,31,14,1,3,6800.0,2266.6666666666665,true
891,FEMTO,31,14,1,0,6800.0,6800.0,false
892,FEMTO,31,14,1,0,6800.0,6800.0,false
893,FEMTO,31,14,1,0,6800.0,6800.0,false
894,FEMTO,31,14,1,0,6800.0,6800.0,false
895,FEMTO,31,14,1,0,6800.0,6800.0,false
896,FEMTO,31,14,1,2,6800.0,3400.0,true
897,FEMTO,53,88,1,0,6800.0,6800.0,false
898,FEMTO,53,88,1,0,6800.0,6800.0,false
899,FEMTO,53,88,1,1,6800.0,6800.0,true
900,FEMTO,53,88,1,0,6800.0,6800.0,false
901,FEMTO,53,88,1,2,6800.0,3400.0,true
902,FEMTO,53,88,1,1,6800.0,6800.0,true
903,FEMTO,53,88,1,0,6800.0,6800.0,false
904,FEMTO,53,88,1,0,6800.0,6800.0,true
905,FEMTO,53,88,1,0,6800.0,6800.0,false
906,FEMTO,53,88,1,5,6800.0,1360.0,true
907,FEMTO,53,88,1,3,6800.0,2266.6666666666665,true
908,FEMTO,53,88,1,0,6800.0,6800.0,false
909,FEMTO,75,32,1,0,6800.0,6800.0,false
910,FEMTO,75,32,1,0,6800.0,6800.0,false
911,FEMTO,75,32,1,1,6800.0,6800.0,true
912,FEMTO,75,32,1,1,6800.0,6800.0,true
913,FEMTO,75,32,1,0,6800.0,6800.0,true
914,FEMTO,75,32,1,0,6800.0,6800.0,false
915,FEMTO,75,32,1,0,6800.0,6800.0,true
916,FEMTO,75,32,1,0,6800.0,6800.0,false
917,FEMTO,75,32,1,0,6800.0,6800.0,false
918,FEMTO,75,32,1,0,6800.0,6800.0,false
919,FEMTO,75,32,1,0,6800.0,6800.0,false
920,FEMTO,75,32,1,0,6800.0,6800.0,true
921,FEMTO,95,19,1,0,6800.0,6800.0,false
922,FEMTO,95,19,1,1,6800.0,6800.0,true
923,FEMTO,95,19,1,0,6800.0,6800.0,false
924,FEMTO,95,19,1,0,6800.0,6800.0,true
925,FEMTO,95,19,1,0,6800.0,6800.0,false
926,FEMTO,95,19,1,0,6800.0,6800.0,false
927,FEMTO,95,19,1,0,6800.0,6800.0,true
928,FEMTO,95,19,1,0,6800.0,6800.0,true
929,FEMTO,95,19,1,0,6800.0,6800.0,false
930,FEMTO,95,19,1,0,6800.0,6800.0,false
931,FEMTO,95,19,1,1,6800.0,6800.0,true
932,FEMTO,95,19,1,0,6800.0,6800.0,false
933,FEMTO,35,34,1,0,6800.0,6800.0,true
934,FEMTO,35,34,1,0,6800.0,6800.0,true
935,FEMTO,35,34,1,0,6800.0,6800.0,false
936,FEMTO,35,34,1,0,6800.0,6800.0,false
937,FEMTO,35,34,1,0,6800.0,6800.0,true
938,FEMTO,35,34,1,1,6800.0,6800.0,true
939,FEMTO,35,34,1,0,6800.0,6800.0,true
940,FEMTO,35,34,1,0,6800.0,6800.0,true
941,FEMTO,35,34,1,0,6800.0,6800.0,true
942,FEMTO,35,34,1,0,6800.0,6800.0,false
943,FEMTO,35,34,1,0,6800.0,6800.0,true
944,FEMTO,35,34,1,0,6800.0,6800.0,true
945,FEMTO,23,78,1,0,6800.0,6800.0,true
946,FEMTO,23,78,1,0,6800.0,6800.0,false
947,FEMTO,23,78,1,0,6800.0,6800.0,false
948,FEMTO,23,78,1,0,6800.0,6800.0,false
949,FEMTO,23,78,1,0,6800.0,6800.0,false
950,FEMTO,23,78,1,1,6800.0,6800.0,true
951,FEMTO,23,78,1,0,6800.0,6800.0,true
952,FEMTO,23,78,1,0,6800.0,6800.0,false
953,FEMTO,23,78,1,0,6800.0,6800.0,true
954,FEMTO,23,78,1,1,6800.0,6800.0,true
955,FEMTO,23,78,1,0,6800.0,6800.0,true
956,FEMTO,23,78,1,1,6800.0,6800.0,true
957,FEMTO,32,91,1,2,6800.0,3400.0,true
958,FEMTO,32,91,1,3,6800.0,2266.6666666666665,true
959,FEMTO,32,91,1,1,6800.0,6800.0,true
960,FEMTO,32,91,1,0,6800.0,6800.0,false
961,FEMTO,32,91,1,2,6800.0,3400.0,true
962,FEMTO,32,91,1,0,6800.0,6800.0,false
963,FEMTO,32,91,1,0,6800.0,6800.0,false
964,FEMTO,32,91,1,0,6800.0,6800.0,true
965,FEMTO,32,91,1,0,6800.0,6800.0,true
966,FEMTO,32,91,1,0,6800.0,6800.0,false
967,FEMTO,32,91,1,0,6800.0,6800.0,false
968,FEMTO,32,91,1,1,6800.0,6800.0,true
969,FEMTO,78,13,1,0,6800.0,6800.0,true
970,FEMTO,78,13,1,0,6800.0,6800.0,false
971,FEMTO,78,13,1,1,6800.0,6800.0,true
972,FEMTO,78,13,1,0,6800.0,6800.0,true
973,FEMTO,78,13,1,0,6800.0,6800.0,true
974,FEMTO,78,13,1,0,6800.0,6800.0,false
975,FEMTO,78,13,1,0,6800.0,6800.0,false
976,FEMTO,78,13,1,0,6800.0,6800.0,false
977,FEMTO,78,13,1,0,6800.0,6800.0,true
978,FEMTO,78,13,1,0,6800.0,6800.0,false
979,FEMTO,78,13,1,0,6800.0,6800.0,true
980,FEMTO,78,13,1,0,6800.0,6800.0,false
981,FEMTO,76,52,1,1,6800.0,6800.0,true
982,FEMTO,76,52,1,0,6800.0,6800.0,false
983,FEMTO,76,52,1,0,6800.0,6800.0,false
984,FEMTO,76,52,1,0,6800.0,6800.0,false
985,FEMTO,76,52,1,0,6800.0,6800.0,true
986,FEMTO,76,52,1,0,6800.0,6800.0,true
987,FEMTO,76,52,1,0,6800.0,6800.0,false
988,FEMTO,76,52,1,0,6800.0,6800.0,true
989,FEMTO,76,52,1,1,6800.0,6800.0,true
990,FEMTO,76,52,1,0,6800.0,6800.0,false
991,FEMTO,76,52,1,0,6800.0,6800.0,false
992,FEMTO,76,52,1,0,6800.0,6800.0,false
993,FEMTO,81,13,1,0,6800.0,6800.0,true
994,FEMTO,81,13,1,0,6800.0,6800.0,true
995,FEMTO,81,13,1,0,6800.0,6800.0,false
996,FEMTO,81,13,1,0,6800.0,6800.0,true
997,FEMTO,81,13,1,0,6800.0,6800.0,true
998,FEMTO,81,13,1,0,6800.0,6800.0,false
999,FEMTO,81,13,1,0,6800.0,6800.0,false
1000,FEMTO,81,13,1,1,6800.0,6800.0,true
1001,FEMTO,81,13,1,0,6800.0,6800.0,false
1002,FEMTO,81,13,1,0,6800.0,6800.0,false
1003,FEMTO,81,13,1,0,6800.0,6800.0,false
1004,FEMTO,81,13,1,0,6800.0,6800.0,false
1005,FEMTO,6,95,1,0,6800.0,6800.0,false
1006,FEMTO,6,95,1,1,6800.0,6800.0,true
1007,FEMTO,6,95,1,0,6800.0,6800.0,true
1008,FEMTO,6,95,1,0,6800.0,6800.0,false
1009,FEMTO,6,95,1,0,6800.0,6800.0,true
1010,FEMTO,6,95,1,0,6800.0,6800.0,false
1011,FEMTO,6,95,1,1,6800.0,6800.0,true
1012,FEMTO,6,95,1,1,6800.0,6800.0,true
1013,FEMTO,6,95,1,0,6800.0,6800.0,false
1014,FEMTO,6,95,1,0,6800.0,6800.0,false
1015,FEMTO,6,95,1,0,6800.0,6800.0,false
1016,FEMTO,6,95,1,0,6800.0,6800.0,false
1017,FEMTO,71,50,1,0,6800.0,6800.0,true
1018,FEMTO,71,50,1,0,6800.0,6800.0,false
1019,FEMTO,71,50,1,0,6800.0,6800.0,true
1020,FEMTO,71,50,1,0,6800.0,6800.0,true
1021,FEMTO,71,50,1,0,6800.0,6800.0,true
1022,FEMTO,71,50,1,0,6800.0,6800.0,false
1023,FEMTO,71,50,1,0,6800.0,6800.0,false
1024,FEMTO,71,50,1,0,6800.0,6800.0,false
1025,FEMTO,71,50,1,0,6800.0,6800.0,true
1026,FEMTO,71,50,1,0,6800.0,6800.0,false
1027,FEMTO,71,50,1,0,6800.0,6800.0,false
1028,FEMTO,71,50,1,0,6800.0,6800.0,true
1029,FEMTO,86,46,1,0,6800.0,6800.0,true
1030,FEMTO,86,46,1,0,6800.0,6800.0,true
1031,FEMTO,86,46,1,0,6800.0,6800.0,true
1032,FEMTO,86,46,1,1,6800.0,6800.0,true
1033,FEMTO,86,46,1,0,6800.0,6800.0,true
1034,FEMTO,86,46,1,0,6800.0,6800.0,true
1035,FEMTO,86,46,1,1,6800.0,6800.0,true
1036,FEMTO,86,46,1,0,6800.0,6800.0,false
1037,FEMTO,86,46,1,0,6800.0,6800.0,true
1038,FEMTO,86,46,1,0,6800.0,6800.0,true
1039,FEMTO,86,46,1,0,6800.0,6800.0,false
1040,FEMTO,86,46,1,0,6800.0,6800.0,true
1041,FEMTO,85,26,1,0,6800.0,6800.0,true
1042,FEMTO,85,26,1,0,6800.0,6800.0,false
1043,FEMTO,85,26,1,0,6800.0,6800.0,false
1044,FEMTO,85,26,1,0,6800.0,6800.0,false
1045,FEMTO,85,26,1,0,6800.0,6800.0,true
1046,FEMTO,85,26,1,0,6800.0,6800.0,false
1047,FEMTO,85,26,1,0,6800.0,6800.0,false
1048,FEMTO,85,26,1,0,6800.0,6800.0,true
1049,FEMTO,85,26,1,0,6800.0,6800.0,false
1050,FEMTO,85,26,1,3,6800.0,2266.6666666666665,true
1051,FEMTO,85,26,1,0,6800.0,6800.0,false
1052,FEMTO,85,26,1,0,6800.0,6800.0,false
1053,FEMTO,90,38,1,0,6800.0,6800.0,false
1054,FEMTO,90,38,1,0,6800.0,6800.0,false
1055,FEMTO,90,38,1,0,6800.0,6800.0,true
1056,FEMTO,90,38,1,0,6800.0,6800.0,true
1057,FEMTO,90,38,1,0,6800.0,6800.0,true
1058,FEMTO,90,38,1,1,6800.0,6800.0,true
1059,FEMTO,90,38,1,0,6800.0,6800.0,false
1060,FEMTO,90,38,1,0,6800.0,6800.0,true
1061,FEMTO,90,38,1,0,6800.0,6800.0,false
1062,FEMTO,90,38,1,0,6800.0,6800.0,true
1063,FEMTO,90,38,1,2,6800.0,3400.0,true
1064,FEMTO,90,38,1,0,6800.0,6800.0,false
1065,FEMTO,12,50,1,0,6800.0,6800.0,true
1066,FEMTO,12,50,1,0,6800.0,6800.0,false
1067,FEMTO,12,50,1,0,6800.0,6800.0,true
1068,FEMTO,12,50,1,0,6800.0,6800.0,true
1069,FEMTO,12,50,1,0,6800.0,6800.0,false
1070,FEMTO,12,50,1,0,6800.0,6800.0,true
1071,FEMTO,12,50,1,0,6800.0,6800.0,false
1072,FEMTO,12,50,1,0,6800.0,6800.0,false
1073,FEMTO,12,50,1,0,6800.0,6800.0,false
1074,FEMTO,12,50,1,0,6800.0,6800.0,true
1075,FEMTO,12,50,1,0,6800.0,6800.0,false
1076,FEMTO,12,50,1,0,6800.0,6800.0,false
1077,FEMTO,34,18,1,0,6800.0,6800.0,false
1078,FEMTO,34,18,1,0,6800.0,6800.0,false
1079,FEMTO,34,18,1,0,6800.0,6800.0,false
1080,FEMTO,34,18,1,0,6800.0,6800.0,true
1081,FEMTO,34,18,1,0,6800.0,6800.0,true
1082,FEMTO,34,18,1,0,6800.0,6800.0,false
1083,FEMTO,34,18,1,0,6800.0,6800.0,false
1084,FEMTO,34,18,1,0,6800.0,6800.0,false
1085,FEMTO,34,18,1,0,6800.0,6800.0,false
1086,FEMTO,34,18,1,0,6800.0,6800.0,false
1087,FEMTO,34,18,1,0,6800.0,6800.0,false
1088,FEMTO,34,18,1,0,6800.0,6800.0,false
1089,FEMTO,90,19,1,0,6800.0,6800.0,true
1090,FEMTO,90,19,1,0,6800.0,6800.0,true
1091,FEMTO,90,19,1,0,6800.0,6800.0,false
1092,FEMTO,90,19,1,1,6800.0,6800.0,true
1093,FEMTO,90,19,1,1,6800.0,6800.0,true
1094,FEMTO,90,19,1,0,6800.0,6800.0,true
1095,FEMTO,90,19,1,0,6800.0,6800.0,true
1096,FEMTO,90,19,1,0,6800.0,6800.0,true
1097,FEMTO,90,19,1,0,6800.0,6800.0,false
1098,FEMTO,90,19,1,0,6800.0,6800.0,true
1099,FEMTO,90,19,1,0,6800.0,6800.0,true
1100,FEMTO,90,19,1,1,6800.0,6800.0,true
1101,FEMTO,59,26,1,0,6800.0,6800.0,true
1102,FEMTO,59,26,1,0,6800.0,6800.0,false
1103,FEMTO,59,26,1,0,6800.0,6800.0,true
1104,FEMTO,59,26,1,0,6800.0,6800.0,false
1105,FEMTO,59,26,1,0,6800.0,6800.0,true
1106,FEMTO,59,26,1,0,6800.0,6800.0,true
1107,FEMTO,59,26,1,0,6800.0,6800.0,false
1108,FEMTO,59,26,1,0,6800.0,6800.0,false
1109,FEMTO,59,26,1,0,6800.0,6800.0,false
1110,FEMTO,59,26,1,0,6800.0,6800.0,false
1111,FEMTO,59,26,1,0,6800.0,6800.0,false
1112,FEMTO,59,26,1,0,6800.0,6800.0,false
1113,FEMTO,42,30,1,0,6800.0,6800.0,true
1114,FEMTO,42,30,1,0,6800.0,6800.0,true
1115,FEMTO,42,30,1,0,6800.0,6800.0,true
1116,FEMTO,42,30,1,0,6800.0,6800.0,true
1117,FEMTO,42,30,1,0,6800.0,6800.0,false
1118,FEMTO,42,30,1,0,6800.0,6800.0,true
1119,FEMTO,42,30,1,0,6800.0,6800.0,true
1120,FEMTO,42,30,1,0,6800.0,6800.0,false
1121,FEMTO,42,30,1,2,6800.0,3400.0,true
1122,FEMTO,42,30,1,0,6800.0,6800.0,true
1123,FEMTO,42,30,1,0,6800.0,6800.0,true
1124,FEMTO,42,30,1,1,6800.0,6800.0,true
1125,FEMTO,28,81,1,0,6800.0,6800.0,true
1126,FEMTO,28,81,1,1,6800.0,6800.0,true
1127,FEMTO,28,81,1,1,6800.0,6800.0,true
1128,FEMTO,28,81,1,0,6800.0,6800.0,true
1129,FEMTO,28,81,1,0,6800.0,6800.0,false
1130,FEMTO,28,81,1,0,6800.0,6800.0,false
1131,FEMTO,28,81,1,0,6800.0,6800.0,true
1132,FEMTO,28,81,1,0,6800.0,6800.0,false
1133,FEMTO,28,81,1,1,6800.0,6800.0,true
1134,FEMTO,28,81,1,0,6800.0,6800.0,false
1135,FEMTO,28,81,1,0,6800.0,6800.0,true
1136,FEMTO,28,81,1,0,6800.0,6800.0,false
1137,FEMTO,89,80,1,1,6800.0,6800.0,true
1138,FEMTO,89,80,1,0,6800.0,6800.0,false
1139,FEMTO,89,80,1,0,6800.0,6800.0,true
1140,FEMTO,89,80,1,0,6800.0,6800.0,false
1141,FEMTO,89,80,1,1,6800.0,6800.0,true
1142,FEMTO,89,80,1,0,6800.0,6800.0,false
1143,FEMTO,89,80,1,0,6800.0,6800.0,true
1144,FEMTO,89,80,1,0,6800.0,6800.0,false
1145,FEMTO,89,80,1,0,6800.0,6800.0,true
1146,FEMTO,89,80,1,0,6800.0,6800.0,true
1147,FEMTO,89,80,1,0,6800.0,6800.0,true
1148,FEMTO,89,80,1,1,6800.0,6800.0,true
0,MICRO,42,45,2,0,500.0,500.0,false
1,MICRO,42,45,2,0,500.0,500.0,false
2,MICRO,42,45,2,0,500.0,500.0,false
3,MICRO,97,1,2,0,500.0,500.0,true
4,MICRO,97,1,2,0,500.0,500.0,true
5,MICRO,97,1,2,0,500.0,500.0,false
6,MICRO,64,65,2,0,500.0,500.0,false
7,MICRO,64,65,2,0,500.0,500.0,false
8,MICRO,64,65,2,0,500.0,500.0,true
9,MICRO,65,42,2,0,500.0,500.0,true
10,MICRO,65,42,2,0,500.0,500.0,true
11,MICRO,65,42,2,0,500.0,500.0,false
12,MICRO,94,44,2,0,500.0,500.0,false
13,MICRO,94,44,2,0,500.0,500.0,true
14,MICRO,94,44,2,0,500.0,500.0,false
15,MICRO,67,1,2,0,500.0,500.0,true
16,MICRO,67,1,2,0,500.0,500.0,false
17,MICRO,67,1,2,0,500.0,500.0,true
18,MICRO,13,78,2,0,500.0,500.0,false
19,MICRO,13,78,2,0,500.0,500.0,true
20,MICRO,13,78,2,0,500.0,500.0,false
21,MICRO,15,9,2,0,500.0,500.0,false
22,MICRO,15,9,2,0,500.0,500.0,false
23,MICRO,15,9,2,0,500.0,500.0,false
24,MICRO,51,29,2,0,500.0,500.0,true
25,MICRO,51,29,2,0,500.0,500.0,true
26,MICRO,51,29,2,0,500.0,500.0,true
27,MICRO,40,32,2,0,500.0,500.0,false
28,MICRO,40,32,2,0,500.0,500.0,true
29,MICRO,40,32,2,0,500.0,500.0,true
30,MICRO,86,48,2,0,500.0,500.0,false
31,MICRO,86,48,2,0,500.0,500.0,true
32,MICRO,86,48,2,0,500.0,500.0,true
33,MICRO,87,5,2,0,500.0,500.0,true
34,MICRO,87,5,2,0,500.0,500.0,false
35,MICRO,87,5,2,0,500.0,500.0,false
36,MICRO,71,41,2,0,500.0,500.0,true
37,MICRO,71,41,2,0,500.0,500.0,false
38,MICRO,71,41,2,0,500.0,500.0,false
39,MICRO,80,22,2,0,500.0,500.0,false
40,MICRO,80,22,2,0,500.0,500.0,true
41,MICRO,80,22,2,0,500.0,500.0,true
42,MICRO,59,72,2,0,500.0,500.0,true
43,MICRO,59,72,2,0,500.0,500.0,false
44,MICRO,59,72,2,0,500.0,500.0,true
45,MICRO,63,97,2,0,500.0,500.0,true
46,MICRO,63,97,2,0,500.0,500.0,false
47,MICRO,63,97,2,0,500.0,500.0,true
48,MICRO,31,79,2,0,500.0,500.0,false
49,MICRO,31,79,2,0,500.0,500.0,true
50,MICRO,31,79,2,0,500.0,500.0,false
51,MICRO,78,0,2,0,500.0,500.0,false
52,MICRO,78,0,2,0,500.0,500.0,false
53,MICRO,78,0,2,0,500.0,500.0,false
54,MICRO,95,93,2,0,500.0,500.0,true
55,MICRO,95,93,2,0,500.0,500.0,false
56,MICRO,95,93,2,0,500.0,500.0,false
57,PICO,42,45,1,0,2800.0,2800.0,false
58,PICO,42,45,1,0,2800.0,2800.0,true
59,PICO,42,45,1,0,2800.0,2800.0,false
60,PICO,42,45,1,0,2800.0,2800.0,false
61,PICO,42,45,1,0,2800.0,2800.0,false
62,PICO,42,45,1,0,2800.0,2800.0,false
63,PICO,97,1,1,1,2800.0,2800.0,true
64,PICO,97,1,1,0,2800.0,2800.0,true
65,PICO,97,1,1,1,2800.0,2800.0,true
66,PICO,97,1,1,0,2800.0,2800.0,false
67,PICO,97,1,1,0,2800.0,2800.0,false
68,PICO,97,1,1,0,2800.0,2800.0,false
69,PICO,64,65,1,0,2800.0,2800.0,false
70,PICO,64,65,1,0,2800.0,2800.0,false
71,PICO,64,65,1,0,2800.0,2800.0,true
72,PICO,64,65,1,0,2800.0,2800.0,true
73,PICO,64,65,1,0,2800.0,2800.0,true
74,PICO,64,65,1,0,2800.0,2800.0,false
75,PICO,65,42,1,0,2800.0,2800.0,false
76,PICO,65,42,1,0,2800.0,2800.0,false
77,PICO,65,42,1,0,2800.0,2800.0,false
78,PICO,65,42,1,0,2800.0,2800.0,false
79,PICO,65,42,1,1,2800.0,2800.0,true
80,PICO,65,42,1,0,2800.0,2800.0,false
81,PICO,94,44,1,0,2800.0,2800.0,false
82,PICO,94,44,1,0,2800.0,2800.0,true
83,PICO,94,44,1,0,2800.0,2800.0,true
84,PICO,94,44,1,1,2800.0,2800.0,true
85,PICO,94,44,1,0,2800.0,2800.0,true
86,PICO,94,44,1,0,2800.0,2800.0,false
87,PICO,67,1,1,0,2800.0,2800.0,true
88,PICO,67,1,1,0,2800.0,2800.0,true
89,PICO,67,1,1,1,2800.0,2800.0,true
90,PICO,67,1,1,0,2800.0,2800.0,false
91,PICO,67,1,1,3,2800.0,933.3333333333334,true
92,PICO,67,1,1,0,2800.0,2800.0,false
93,PICO,13,78,1,0,2800.0,2800.0,true
94,PICO,13,78,1,0,2800.0,2800.0,false
95,PICO,13,78,1,0,2800.0,2800.0,true
96,PICO,13,78,1,0,2800.0,2800.0,false
97,PICO,13,78,1,0,2800.0,2800.0,true
98,PICO,13,78,1,0,2800.0,2800.0,true
99,PICO,15,9,1,0,2800.0,2800.0,false
100,PICO,15,9,1,0,2800.0,2800.0,false
101,PICO,15,9,1,0,2800.0,2800.0,true
102,PICO,15,9,1,0,2800.0,2800.0,false
103,PICO,15,9,1,0,2800.0,2800.0,false
104,PICO,15,9,1,0,2800.0,2800.0,true
105,PICO,51,29,1,0,2800.0,2800.0,false
106,PICO,51,29,1,0,2800.0,2800.0,false
107,PICO,51,29,1,0,2800.0,2800.0,false
108,PICO,51,29,1,0,2800.0,2800.0,false
109,PICO,51,29,1,0,2800.0,2800.0,true
110,PICO,51,29,1,0,2800.0,2800.0,false
111,PICO,40,32,1,0,2800.0,2800.0,false
112,PICO,40,32,1,0,2800.0,2800.0,false
113,PICO,40,32,1,0,2800.0,2800.0,false
114,PICO,40,32,1,0,2800.0,2800.0,false
115,PICO,40,32,1,0,2800.0,2800.0,true
116,PICO,40,32,1,0,2800.0,2800.0,true
117,PICO,86,48,1,0,2800.0,2800.0,true
118,PICO,86,48,1,0,2800.0,2800.0,true
119,PICO,86,48,1,0,2800.0,2800.0,false
120,PICO,86,48,1,0,2800.0,2800.0,true
121,PICO,86,48,1,0,2800.0,2800.0,false
122,PICO,86,48,1,0,2800.0,2800.0,false
123,PICO,87,5,1,0,2800.0,2800.0,false
124,PICO,87,5,1,0,2800.0,2800.0,false
125,PICO,87,5,1,0,2800.0,2800.0,true
126,PICO,87,5,1,0,2800.0,2800.0,true
127,PICO,87,5,1,0,2800.0,2800.0,false
128,PICO,87,5,1,0,2800.0,2800.0,true
129,PICO,71,41,1,0,2800.0,2800.0,false
130,PICO,71,41,1,0,2800.0,2800.0,true
131,PICO,71,41,1,0,2800.0,2800.0,true
132,PICO,71,41,1,0,2800.0,2800.0,true
133,PICO,71,41,1,0,2800.0,2800.0,false
134,PICO,71,41,1,0,2800.0,2800.0,false
135,PICO,80,22,1,0,2800.0,2800.0,true
136,PICO,80,22,1,0,2800.0,2800.0,true
137,PICO,80,22,1,0,2800.0,2800.0,false
138,PICO,80,22,1,0,2800.0,2800.0,true
139,PICO,80,22,1,0,2800.0,2800.0,false
140,PICO,80,22,1,0,2800.0,2800.0,false
141,PICO,59,72,1,0,2800.0,2800.0,true
142,PICO,59,72,1,0,2800.0,2800.0,false
143,PICO,59,72,1,0,2800.0,2800.0,false
144,PICO,59,72,1,0,2800.0,2800.0,true
145,PICO,59,72,1,0,2800.0,2800.0,true
146,PICO,59,72,1,0,2800.0,2800.0,false
147,PICO,63,97,1,0,2800.0,2800.0,false
148,PICO,63,97,1,0,2800.0,2800.0,false
149,PICO,63,97,1,0,2800.0,2800.0,false
150,PICO,63,97,1,2,2800.0,1400.0,true
151,PICO,63,97,1,11,2800.0,254.54545454545453,true
152,PICO,63,97,1,0,2800.0,2800.0,false
153,PICO,31,79,1,0,2800.0,2800.0,false
154,PICO,31,79,1,0,2800.0,2800.0,false
155,PICO,31,79,1,6,2800.0,466.6666666666667,true
156,PICO,31,79,1,0,2800.0,2800.0,true
157,PICO,31,79,1,0,2800.0,2800.0,false
158,PICO,31,79,1,0,2800.0,2800.0,false
159,PICO,78,0,1,0,2800.0,2800.0,true
160,PICO,78,0,1,1,2800.0,2800.0,true
161,PICO,78,0,1,0,2800.0,2800.0,true
162,PICO,78,0,1,0,2800.0,2800.0,false
163,PICO,78,0,1,0,2800.0,2800.0,true
164,PICO,78,0,1,0,2800.0,2800.0,true
165,PICO,95,93,1,0,2800.0,2800.0,true
166,PICO,95,93,1,0,2800.0,2800.0,true
167,PICO,95,93,1,0,2800.0,2800.0,false
168,PICO,95,93,1,0,2800.0,2800.0,false
169,PICO,95,93,1,0,2800.0,2800.0,true
170,PICO,95,93,1,0,2800.0,2800.0,false
171,PICO,85,71,1,0,2800.0,2800.0,false
172,PICO,85,71,1,0,2800.0,2800.0,false
173,PICO,85,71,1,2,2800.0,1400.0,true
174,PICO,85,71,1,0,2800.0,2800.0,false
175,PICO,85,71,1,0,2800.0,2800.0,false
176,PICO,85,71,1,0,2800.0,2800.0,false
177,PICO,71,85,1,0,2800.0,2800.0,false
178,PICO,71,85,1,0,2800.0,2800.0,false
179,PICO,71,85,1,0,2800.0,2800.0,true
180,PICO,71,85,1,0,2800.0,2800.0,false
181,PICO,71,85,1,0,2800.0,2800.0,false
182,PICO,71,85,1,0,2800.0,2800.0,false
183,PICO,37,72,1,0,2800.0,2800.0,true
184,PICO,37,72,1,0,2800.0,2800.0,true
185,PICO,37,72,1,0,2800.0,2800.0,true
186,PICO,37,72,1,0,2800.0,2800.0,false
187,PICO,37,72,1,0,2800.0,2800.0,false
188,PICO,37,72,1,0,2800.0,2800.0,false
189,PICO,3,23,1,9,2800.0,311.1111111111111,true
190,PICO,3,23,1,0,2800.0,2800.0,false
191,PICO,3,23,1,8,2800.0,350.0,true
192,PICO,3,23,1,0,2800.0,2800.0,false
193,PICO,3,23,1,0,2800.0,2800.0,true
194,PICO,3,23,1,0,2800.0,2800.0,true
195,PICO,19,83,1,0,2800.0,2800.0,false
196,PICO,19,83,1,0,2800.0,2800.0,true
197,PICO,19,83,1,0,2800.0,2800.0,false
198,PICO,19,83,1,7,2800.0,400.0,true
199,PICO,19,83,1,0,2800.0,2800.0,false
200,PICO,19,83,1,0,2800.0,2800.0,false
201,PICO,3,74,1,0,2800.0,2800.0,false
202,PICO,3,74,1,0,2800.0,2800.0,true
203,PICO,3,74,1,0,2800.0,2800.0,false
204,PICO,3,74,1,0,2800.0,2800.0,false
205,PICO,3,74,1,0,2800.0,2800.0,true
206,PICO,3,74,1,0,2800.0,2800.0,false
207,PICO,33,61,1,0,2800.0,2800.0,true
208,PICO,33,61,1,0,2800.0,2800.0,false
209,PICO,33,61,1,0,2800.0,2800.0,true
210,PICO,33,61,1,0,2800.0,2800.0,false
211,PICO,33,61,1,0,2800.0,2800.0,false
212,PICO,33,61,1,0,2800.0,2800.0,true
213,PICO,8,34,1,0,2800.0,2800.0,true
214,PICO,8,34,1,1,2800.0,2800.0,true
215,PICO,8,34,1,0,2800.0,2800.0,false
216,PICO,8,34,1,0,2800.0,2800.0,false
217,PICO,8,34,1,0,2800.0,2800.0,false
218,PICO,8,34,1,0,2800.0,2800.0,false
219,PICO,57,20,1,0,2800.0,2800.0,false
220,PICO,57,20,1,0,2800.0,2800.0,false
221,PICO,57,20,1,0,2800.0,2800.0,true
222,PICO,57,20,1,0,2800.0,2800.0,true
223,PICO,57,20,1,0,2800.0,2800.0,false
224,PICO,57,20,1,1,2800.0,2800.0,true
225,PICO,72,42,1,0,2800.0,2800.0,true
226,PICO,72,42,1,0,2800.0,2800.0,true
227,PICO,72,42,1,0,2800.0,2800.0,true
228,PICO,72,42,1,0,2800.0,2800.0,false
229,PICO,72,42,1,0,2800.0,2800.0,false
230,PICO,72,42,1,0,2800.0,2800.0,false
231,PICO,49,4,1,0,2800.0,2800.0,true
232,PICO,49,4,1,0,2800.0,2800.0,false
233,PICO,49,4,1,0,2800.0,2800.0,true
234,PICO,49,4,1,0,2800.0,2800.0,false
235,PICO,49,4,1,0,2800.0,2800.0,true
236,PICO,49,4,1,0,2800.0,2800.0,false
237,PICO,51,11,1,0,2800.0,2800.0,false
238,PICO,51,11,1,0,2800.0,2800.0,true
239,PICO,51,11,1,0,2800.0,2800.0,false
240,PICO,51,11,1,0,2800.0,2800.0,true
241,PICO,51,11,1,0,2800.0,2800.0,true
242,PICO,51,11,1,0,2800.0,2800.0,false
243,PICO,4,99,1,0,2800.0,2800.0,false
244,PICO,4,99,1,0,2800.0,2800.0,true
245,PICO,4,99,1,0,2800.0,2800.0,false
246,PICO,4,99,1,0,2800.0,2800.0,false
247,PICO,4,99,1,0,2800.0,2800.0,false
248,PICO,4,99,1,0,2800.0,2800.0,true
249,PICO,6,48,1,0,2800.0,2800.0,false
250,PICO,6,48,1,0,2800.0,2800.0,false
251,PICO,6,48,1,0,2800.0,2800.0,false
252,PICO,6,48,1,0,2800.0,2800.0,true
253,PICO,6,48,1,0,2800.0,2800.0,false
254,PICO,6,48,1,0,2800.0,2800.0,false
255,PICO,66,34,1,0,2800.0,2800.0,false
256,PICO,66,34,1,0,2800.0,2800.0,false
257,PICO,66,34,1,0,2800.0,2800.0,false
258,PICO,66,34,1,0,2800.0,2800.0,false
259,PICO,66,34,1,0,2800.0,2800.0,true
260,PICO,66,34,1,1,2800.0,2800.0,true
261,PICO,86,73,1,0,2800.0,2800.0,true
262,PICO,86,73,1,0,2800.0,2800.0,true
263,PICO,86,73,1,3,2800.0,933.3333333333334,true
264,PICO,86,73,1,0,2800.0,2800.0,false
265,PICO,86,73,1,0,2800.0,2800.0,true
266,PICO,86,73,1,0,2800.0,2800.0,false
267,PICO,9,75,1,0,2800.0,2800.0,true
268,PICO,9,75,1,0,2800.0,2800.0,true
269,PICO,9,75,1,0,2800.0,2800.0,true
270,PICO,9,75,1,0,2800.0,2800.0,true
271,PICO,9,75,1,0,2800.0,2800.0,false
272,PICO,9,75,1,0,2800.0,2800.0,true
273,PICO,3,83,1,0,2800.0,2800.0,false
274,PICO,3,83,1,0,2800.0,2800.0,false
275,PICO,3,83,1,0,2800.0,2800.0,true
276,PICO,3,83,1,0,2800.0,2800.0,false
277,PICO,3,83,1,0,2800.0,2800.0,true
278,PICO,3,83,1,0,2800.0,2800.0,false
279,PICO,11,85,1,0,2800.0,2800.0,false
280,PICO,11,85,1,0,2800.0,2800.0,false
281,PICO,11,85,1,0,2800.0,2800.0,false
282,PICO,11,85,1,0,2800.0,2800.0,true
283,PICO,11,85,1,0,2800.0,2800.0,true
284,PICO,11,85,1,0,2800.0,2800.0,false
285,PICO,58,57,1,1,2800.0,2800.0,true
286,PICO,58,57,1,0,2800.0,2800.0,false
287,PICO,58,57,1,2,2800.0,1400.0,true
288,PICO,58,57,1,0,2800.0,2800.0,true
289,PICO,58,57,1,0,2800.0,2800.0,false
290,PICO,58,57,1,0,2800.0,2800.0,false
291,PICO,5,50,1,0,2800.0,2800.0,true
292,PICO,5,50,1,0,2800.0,2800.0,true
293,PICO,5,50,1,0,2800.0,2800.0,true
294,PICO,5,50,1,0,2800.0,2800.0,true
295,PICO,5,50,1,0,2800.0,2800.0,false
296,PICO,5,50,1,0,2800.0,2800.0,true
297,PICO,31,14,1,5,2800.0,560.0,true
298,PICO,31,14,1,11,2800.0,254.54545454545453,true
299,PICO,31,14,1,0,2800.0,2800.0,false
300,PICO,31,14,1,3,2800.0,933.3333333333334,true
301,PICO,31,14,1,0,2800.0,2800.0,false
302,PICO,31,14,1,0,2800.0,2800.0,false
303,PICO,53,88,1,0,2800.0,2800.0,true
304,PICO,53,88,1,0,2800.0,2800.0,false
305,PICO,53,88,1,0,2800.0,2800.0,false
306,PICO,53,88,1,0,2800.0,2800.0,true
307,PICO,53,88,1,0,2800.0,2800.0,false
308,PICO,53,88,1,7,2800.0,400.0,true
309,PICO,75,32,1,0,2800.0,2800.0,true
310,PICO,75,32,1,0,2800.0,2800.0,false
311,PICO,75,32,1,0,2800.0,2800.0,true
312,PICO,75,32,1,0,2800.0,2800.0,false
313,PICO,75,32,1,0,2800.0,2800.0,true
314,PICO,75,32,1,0,2800.0,2800.0,false
315,PICO,95,19,1,0,2800.0,2800.0,false
316,PICO,95,19,1,0,2800.0,2800.0,false
317,PICO,95,19,1,1,2800.0,2800.0,true
318,PICO,95,19,1,0,2800.0,2800.0,false
319,PICO,95,19,1,0,2800.0,2800.0,false
320,PICO,95,19,1,0,2800.0,2800.0,false
321,PICO,35,34,1,0,2800.0,2800.0,false
322,PICO,35,34,1,0,2800.0,2800.0,true
323,PICO,35,34,1,0,2800.0,2800.0,true
324,PICO,35,34,1,0,2800.0,2800.0,true
325,PICO,35,34,1,0,2800.0,2800.0,false
326,PICO,35,34,1,0,2800.0,2800.0,false
327,PICO,23,78,1,0,2800.0,2800.0,true
328,PICO,23,78,1,0,2800.0,2800.0,true
329,PICO,23,78,1,0,2800.0,2800.0,false
330,PICO,23,78,1,0,2800.0,2800.0,true
331,PICO,23,78,1,0,2800.0,2800.0,true
332,PICO,23,78,1,0,2800.0,2800.0,true
333,PICO,32,91,1,0,2800.0,2800.0,false
334,PICO,32,91,1,0,2800.0,2800.0,false
335,PICO,32,91,1,0,2800.0,2800.0,false
336,PICO,32,91,1,5,2800.0,560.0,true
337,PICO,32,91,1,1,2800.0,2800.0,true
338,PICO,32,91,1,0,2800.0,2800.0,true
339,PICO,78,13,1,0,2800.0,2800.0,true
340,PICO,78,13,1,0,2800.0,2800.0,false
341,PICO,78,13,1,0,2800.0,2800.0,true
342,PICO,78,13,1,0,2800.0,2800.0,false
343,PICO,78,13,1,0,2800.0,2800.0,false
344,PICO,78,13,1,0,2800.0,2800.0,false
345,PICO,76,52,1,0,2800.0,2800.0,false
346,PICO,76,52,1,0,2800.0,2800.0,false
347,PICO,76,52,1,0,2800.0,2800.0,false
348,PICO,76,52,1,0,2800.0,2800.0,true
349,PICO,76,52,1,0,2800.0,2800.0,true
350,PICO,76,52,1,0,2800.0,2800.0,false
351,PICO,81,13,1,0,2800.0,2800.0,true
352,PICO,81,13,1,0,2800.0,2800.0,false
353,PICO,81,13,1,0,2800.0,2800.0,true
354,PICO,81,13,1,0,2800.0,2800.0,true
355,PICO,81,13,1,0,2800.0,2800.0,false
356,PICO,81,13,1,1,2800.0,2800.0,true
357,PICO,6,95,1,0,2800.0,2800.0,false
358,PICO,6,95,1,0,2800.0,2800.0,true
359,PICO,6,95,1,0,2800.0,2800.0,false
360,PICO,6,95,1,0,2800.0,2800.0,false
361,PICO,6,95,1,0,2800.0,2800.0,false
362,PICO,6,95,1,0,2800.0,2800.0,false
363,PICO,71,50,1,0,2800.0,2800.0,false
364,PICO,71,50,1,0,2800.0,2800.0,false
365,PICO,71,50,1,0,2800.0,2800.0,true
366,PICO,71,50,1,0,2800.0,2800.0,true
367,PICO,71,50,1,0,2800.0,2800.0,true
368,PICO,71,50,1,0,2800.0,2800.0,false
369,PICO,86,46,1,0,2800.0,2800.0,false
370,PICO,86,46,1,0,2800.0,2800.0,false
371,PICO,86,46,1,0,2800.0,2800.0,true
372,PICO,86,46,1,0,2800.0,2800.0,false
373,PICO,86,46,1,0,2800.0,2800.0,true
374,PICO,86,46,1,0,2800.0,2800.0,true
375,PICO,85,26,1,0,2800.0,2800.0,false
376,PICO,85,26,1,0,2800.0,2800.0,false
377,PICO,85,26,1,0,2800.0,2800.0,true
378,PICO,85,26,1,0,2800.0,2800.0,false
379,PICO,85,26,1,0,2800.0,2800.0,false
380,PICO,85,26,1,0,2800.0,2800.0,false
381,PICO,90,38,1,0,2800.0,2800.0,true
382,PICO,90,38,1,0,2800.0,2800.0,false
383,PICO,90,38,1,0,2800.0,2800.0,false
384,PICO,90,38,1,0,2800.0,2800.0,false
385,PICO,90,38,1,0,2800.0,2800.0,false
386,PICO,90,38,1,0,2800.0,2800.0,false
387,PICO,12,50,1,0,2800.0,2800.0,false
388,PICO,12,50,1,0,2800.0,2800.0,false
389,PICO,12,50,1,0,2800.0,2800.0,true
390,PICO,12,50,1,0,2800.0,2800.0,false
391,PICO,12,50,1,0,2800.0,2800.0,false
392,PICO,12,50,1,0,2800.0,2800.0,false
393,PICO,34,18,1,0,2800.0,2800.0,true
394,PICO,34,18,1,0,2800.0,2800.0,true
395,PICO,34,18,1,0,2800.0,2800.0,true
396,PICO,34,18,1,0,2800.0,2800.0,false
397,PICO,34,18,1,0,2800.0,2800.0,false
398,PICO,34,18,1,0,2800.0,2800.0,true
399,PICO,90,19,1,0,2800.0,2800.0,false
400,PICO,90,19,1,0,2800.0,2800.0,false
401,PICO,90,19,1,0,2800.0,2800.0,false
402,PICO,90,19,1,0,2800.0,2800.0,false
403,PICO,90,19,1,0,2800.0,2800.0,false
404,PICO,90,19,1,2,2800.0,1400.0,true
